timestep,episode,s1,s2,s3,s4,s5,s6,a1,a2,a3,a4,a5,a6,ball_pos_x,ball_pos_y,ball_pos_z,wrist_3_x,wrist_3_y,wrist_3_z,reward,done
0,0,0.06564528495073318,-1.5874338150024414,0.04973376542329788,-1.56709885597229,-0.06789419800043106,-0.035180699080228806,0.059110790491104126,0.10734826326370239,0.03893975540995598,-0.040079474449157715,-0.0064351558685302734,0.0008631274104118347,0.046405,-0.103726,0.03648568405566592,0.0010294849680831594,0.23324043287689697,1.0788103582914075,98.67159639715751,True
